0.png,DBjcyVr9TJLjdNuwELNWlj
1.png,jR9O17KbFWIQS0XDtSjx8SndHHj0UXk0mDzhBQDwn54DluAxZ
2.png,gAJhP2vwhHUrv0t9pvKpIjP17Ok2JYa1JLdHxcs8
3.png,H7qkJS55NwE0p4X97bpRnHgXHYPqOAxHN2JQZSwplOEVKhHabyVVNmU4XPF
4.png,juXPCypybi7edcmvA4XONHJP214Pu1LS48VamkT0GrxFOun
5.png,ttJ9joywpq2AMsQN6maOWJg9ox7qQQpS3OriGKYhWTVSTE
6.png,7IU6CSiPy3CMtbfk6RsFqFZByQgzLiMzqHOL25QxVzOhQq6IgtkeBRDlfH7gUd
7.png,opxJs0Ud32lctsuEocyQW
8.png,IP4jARoLFu1KGLWMubsVRaag
9.png,D83JuICB5GJWBZk4UGtwh
10.png,4YLU78HCZBOFl46rMpu0xnJtV48kqGHGaRXokT9XUQhD
11.png,oEEhctD3JI8wOlK6YFW9
12.png,gwvrk6LfwAc
13.png,bmEYNMUOSvYiqDgHT6g3sT1zOyxKk
14.png,Mu2oSd6M1r3eKTDYmg7m1jjFuUcNYf9lRB6p5YnUvcA3
15.png,EMhtFZF8JuwRVJJ
16.png,ytj5zM8Pxzj4QSXBk2NVZ
17.png,bjDuORdBKOT34L0S7ohYD4Jbcq7W02Ap
18.png,p3PEzqVaXizYZGq00iewMRoQeEOdBszu0YAQBfxsrp7U80kdnXZNfs75D
19.png,pOyKgRXYBYgA12M3cOHATeInc5Ic0dF5KnoMNop1YBssQSeQBou
20.png,rM8SIZZZNUwbAjaGMjs4y
21.png,mMh5DFmXDKyG
22.png,4s37cVAAGzSl1msGXsRfrm4E3MSH6O4Us5OGCGCoofkKjcqYwhVwy
23.png,5LNDskLbVHRfzn7MQU5dpL9
24.png,YI5FjKKGt8oYU
25.png,0LoRPvX6qiNCqSwMMrTyQ7gOc6e8AI1xWoULELGWapTvJ4PQpJ
26.png,q850Wl9XbqYeMk2hJoSsT4nHon5SD6l96HfFx06thVEVTZq7
27.png,feVmAp5jJ3Fx1HrPUmGNS4l7ygeSWnFEXfwtIFN3zeS1l1cZ
28.png,Nd1yMDjXQwU2
29.png,sEJMyfzdIscYwUdpQs8UC5neRTru
30.png,Scck3ms5EHGRf54TCO
31.png,vIcsvG1LhI
32.png,82TdYhwPxncFj29YCfNpf6lRyRUH6itFCwgoscAkzQ5AuZ
33.png,fxrdZlVUshkZUahEwlLDQdB
34.png,mOZ63vTUNGu1WXfn70WqPItM0k6mZuY3Gof7o6U
35.png,2CW6jgu3ScPQBxnhZp3dWEb7F3dgOo1LovqJJ1VdTiZQfzp7Ajs0UNyK3W
36.png,ieSl365w3mHjOIISYsXIuyax9oJawkXe67khBziDMB6F8L
37.png,yLEdMuSwKsBAWrSjDoPNAoo9wH5vAu1X7MW
38.png,wZsPSsfLrpqtlwbZ
39.png,NqhjgeoHiuYGMLDw7vg8TxpaEcLGJAyWLZrsG
40.png,vqVyXh71cLYvySNb90HpAGXGFR0h2oFYUtCgennluLrEue6o5vmg8N
41.png,c6mOdNUMtHTbfidL2Ub1aRSoI
42.png,lNL4Lkep1VbR3hxiM1iYFIVn2
43.png,ZA2w0F9ijaS2wD
44.png,LkztSzxrJ3Is8QFaEmwXabw5aGpvWWaRSku9qOXSVoscD0JFRsNwKi
45.png,7q1mquekpUuvPE7z48lyk52x1Tusi0GaxYUvX
46.png,1tW4CxL4eJjOflvGLFQTfLmXnIYpb42Fu3E9BWiKOtF9dGNv1O
47.png,CQPYx9I6CoxqRMM1rbzO9Gg86quT251hgVPy7xJCkS5sZhMQqsUOVbOi4My
48.png,iOHEy3o0J5eDeBol5NiZAuvoiBFA
49.png,Jcv08amJgyG75hBXHxhRg9tbtwPlUXc9sH0ks
50.png,cpexvmKo43P79coNPyGiYEJ5MyrdjXbouYDox6jcPk7XdUfakCiYfGCRS9xDWR
51.png,gJ5RNi3PGwl95ngtqMlqTSZMeMRIApEkbLGvUXYSGGpt7zWIifN3flkh4go
52.png,jVuj4nTkEFejdH4P84oB
53.png,rLVnSfPDlFTVETCbcTdD8zfCh
54.png,0q9sqiwYcn
55.png,retnFvatDHLKglceZIXWrMcu9lkwndeuccyGifHWyh
56.png,ZH0sLxuLBFCSZ
57.png,L3pNFvDirP9x2goDg
58.png,E73p23Ffhu3DCSXX16ys1MN8HSZKgXxk4hyRCgGmyb9vM
59.png,TF7HQ5feOBnQrddTVHDEdgM461NX
60.png,SU0H0khXH4Uq0J6ECIwAqfE2PwFp60CJfQ8rQVCYOfy99c
61.png,axC4RwAi0yFLCCVRk90eaQqs5G3vh2QxJ5MpEumampJSL7m5
62.png,9zDiftKCB29m62eBLphFYnU4N8FnKF2OF
63.png,pdcm2tOH8LOsld8mLZWWmMCkNWBDg2usrLQQvOCzW0t9sGtfIrN2Q2A
64.png,iKJ04B2DAJUc7yPYmfE3Z8MEeCsRQsooUMNMzja3q
65.png,rkJiHIrMSv6iTNe5u67PU1sw3rSOhg
66.png,n2MywyTIbkgxlHe1uIlrjKcHT36OwMENronNA6A5DlQ4mIECZ1T5JDYJJN
67.png,FUNSB5gHsvd2eQqDPR27I1H4sDI5
68.png,J3Yy8URgVaGoavoQy4CV3jJZPwm
69.png,lTWVi8uMZGnytJWFDALgSzGm2wYzO1vp7BWs
70.png,dBpD8WOPTn1ismq
71.png,5kIYimkyPSO3D8e3AOpqh5CvZNL6PF0Qdrs3DmljaTBINvCv1iyUVlgPKA
72.png,n2nyOMLxVzh26BVXfWBwndqN2R6asveT
73.png,0c0qCChk3lCod766WosSlUMsaFyJQaIWcoLsv8YP8phWfXygtTuoSaREsuBrnk
74.png,Y8TCztVtU2zcugZtGE9fknTWnqMl9bfOvLNHEOiO0gxSedp1OLdUGlVhYzO4k
75.png,YcS59aYqz2d0mZCIm0ZXFVUXmxhAl
76.png,YoxinBZfilZGeIVaIGsXIcTxR74fNcbS48pb
77.png,oHrraQxFzSMtVeZUbnxnEFyWLrU9CJHeeVgZDQOnFRh
78.png,jbBJgG3izzHoxcjutAZkq
79.png,hpAByH0pUbi8sPJOahc9DgY3VTLKUmhAANTTWVuzLY7RyVM63Htf5Tfh5bkrfbo
80.png,8qBZb07LHcXW4shvsDD2puHir50HT5SosOgSTFC3L2KmT3KVvJ3roH2s
81.png,1Z39s1mn9pqTgt8xFK3UIf5gObopRKeETmcD7fY2ZmaMT3HRPw
82.png,aZuNUpzNTQ7IcOr169kIZDaSZXcNJ3FErk63
83.png,sfHl9fylmYONyF6nqYr8fYCynbPt
84.png,N27LvayPWqtPjjhf62s
85.png,2DQB6CNaF7U92qmjDhRESrgth
86.png,yZRmuVJgKO8eYcWg2yTFt
87.png,zvjxCBj2Fxwgc4alvxsifXEpxP
88.png,0gskdB1pXX2dhgMXd9mCAddV
89.png,cgIU07hbJBCcNWwtiOdaebz2LgZJ76kQL91mpyfrkLpkK7iQiuK
90.png,Ly7WdUtKi76PDzJtmhEM
91.png,MaHGiDxRC9xP3fSLkkfy7uMGFhnNBVvUFSTbhLXRmGoZs
92.png,XgTMVxeTV3qp5QsjzsHVFIjxVWx
93.png,nxqLaBrEHPxdXx4z2vwDVhFpFmUz0n7vAmAOumJd67hOANFU0RIvXl7h7
94.png,p1D9WZwj3Kg
95.png,MiXVd8dtjh3enn8fNEMepM0w
96.png,cAud6e8ciO63zoal4CKO33vpJH27Qrd8RnYDeB8l9ECOD13yZdKOVy5PUnYM
97.png,hQ0RKQeOSOj4jHvIOvRF9oeLiyEAfoMzZAIupaYBW
98.png,PuZDztJw3k4EaNDucyqzEXjDxkhgbqker
99.png,Naz0xWX8gJoJGeT8hoHpNrYPhy1zbREnkZF
100.png,KX1UOcFzxdpsOMSVBrSd7oQQp
101.png,I81outhhyEyrr80n0A5Aky02xFgjOPqiOmtMIoEJ2AL7H5
102.png,bME2QmsHq7FL8vvg8bsi
103.png,wxsyMfdpQoK3yF8B1FYlkbokRerK9
104.png,NP1PFgl0kpw82Fs9gQ4tcXEcdX
105.png,tMVGEYgEjJwZchdNZ0FRbAgmKAqkcjp5oFGZsSs
106.png,qrC1KVL9y3Y
107.png,rwhRNxIzNSXZoAtRO0WLcGc2ifq1KAwifsBVAFHllq61
108.png,22CnegqcxwrAZnXyD58Y2z
109.png,70v3DRLTgiinQtKOod0hC6e51EdBbjjQnjgiz1h
110.png,rsGPqZ9dmhFvirDtcVVmWLUJKiSoY6MajjKEbntXf4rKJEzwgNgyi
111.png,RY1rlPhjer7ZbevOPARHX1S3Sjkwc2E8yPd9SDPMcQtSKkRX
112.png,dy5dcEp9O5nJWO39pgdCnSrNQVR
113.png,2kxtLUbJ8py2q5qrI0kG15LVYWrdV6O
114.png,VRwlweBjDj2A6o
115.png,sKsWVnVvL00kCi0fXOFkLN
116.png,P8ypRLH8MptP2piqFHsl2jHvCb2FD4xg4KGH9IBiZf
117.png,Cb8eDQeCEf6QwcdiqG3bR2CcRQ5gN9npJ5WWe2S9KRq8VHgeBEmGBFe1UIZz
118.png,gTfL3kepaZ9JAxbKWIIZnP1u
119.png,fVOnI635stRqATOn2bW4YJnCMToAmQiCxXMBZXeYt9oqQzfC0vSFkymx
120.png,OluLbc5Jww9PIGyTrgEfpz1u5C8Po1km4BMbVFD1yw7mqdYuVfbNV
121.png,Kai5It2aPXBd8lqa6CKhh0CvCORo0EbNQv6KK9DRvPl7PyQjE48
122.png,y9pYoyQHUo9Che4LUM5OQU9krwGHsWNYNvHKX
123.png,LFuwiZHSf0epnEAHa
124.png,jjRP1JwJXTysNPfYwa9t0TtKXma29K1X9b7mMV5p5600TP
125.png,Bq5Z0ZsMB9rfBfEngcoxj84VuFXUX6FJfIpPORYW8HW62eEt2U94UwHvd
126.png,qZhBGx5GsDUadyUGNnGeiWk70fbP1baVo64bfAqGi3jY
127.png,lQWu53nWKXow2z89U29mMumavx06aUQc7V
128.png,UshLoYDJftPq7p1Uj2eDTfT
129.png,R5EhMtFwP5
130.png,gvDZIaFENF
131.png,joGAaEn4SlW2hAAA6q0wljuVaY4QZMhD
132.png,IUqluOwm4IK2avDOpUOUDeVy
133.png,Co1H0iITb8fJ1Vuxib0DtAtoTUV7gXxeqIFh2Utq7h0UGUtLDLg0Uw2Y3
134.png,bg4dRThyxvPwoGKvGiPTaLwLPZrgrmaU
135.png,uPPmjUmex0e7WLdN6hGwhmDYpnLKeWAgU0NFwjpGvbihwxkXcXXm0tOoIqG6tW3
136.png,731AqzJ5bBqyciMQ
137.png,PbrmM72JG0ZrGde7UpRlaz1WFsLu4yMKj9K1ER
138.png,5wAbFje90C5lpvsVBOYRoJLm9ydsZKLZBSJzNnvZgc4OFrPABQ
139.png,2LuklqZ1Hel9h1MproX4K6GP
140.png,2u7CvNAucmylDlqJkvTg4
141.png,KLmaY7Z8sA9ptbv9ilLbm7NANGtwlgCedzCkX8V04vgBTQTxWyzTNUCmxOmDaXZ
142.png,IUXUBJ85iRCkN9YzKGdkOQ1bm2VUK09rLbLSyZOXBnd1GHw2CaZtKRq
143.png,v7xTDl2TZRCNuFdl09m
144.png,1MXwHQ8RcKj2eYk0iPnJaKPqlZa5SGdfIBmXmGHcoSNJ6WlAxDtPEJpjVjTy
145.png,XKhQRQvTPd2Rfo7wcEbEjLkpMNWq5v2wRAU5W8VFNLhJG3uAa7DsjZw
146.png,hQDYJrDBHs6UUCjDia9gO5xT02DcwhpEFHZ7YSZMnJO1fLgVWNNsyAaNA
147.png,tPPA4R8wqsvR5uicn9PnTe
148.png,e5wgo18tBbvyuPyauS5b3P77b5XVXXVfgp
149.png,kJX0hKoC6TnyvzBxxxIH9gOwGclWPU2bFC7MIpUmqlP6Hqhy8
150.png,QYYN68JyFFl9JQQOdcKQUHy9yYCgN9JUUadtjWNjMK
151.png,vvzqqqle4uvlP1hQi0PxyX1MT8w7i94uQp8EnVbF
152.png,8QXdfioyM1f43UzUcWmiugWBADPW0
153.png,0c6IyvULAH1HbIxJSLL2LVyGMzt3txOWingFF
154.png,LSYxUOTHCmh3jgdTML86QbiKkMYHj
155.png,YptMJHjLpr
156.png,SZlsEYSBDJu1BItMiOeNml8JdvYoprGXzai
157.png,PGHCZaxIUbtNhfDU9T36FDkwfc2kWFWu0Bg367nE6kP
158.png,yPP2ggwlwqHUAm9xVn6eKVTIj3bQ4iMt5
159.png,ydh1otPkBhOh1uQ9bgjHBfCMqgwhTKdPLCZFvV1RGLGAsRa7e0B0
160.png,W6ffltQgh9aRvERlTQ8YKxFOTi1J1gVApYJshFvCihOJg
161.png,kUqQjiELSmfRRORYyZBI6425TDjK9R1lH0oLlG1k7ksRbbHCgWjeQTMs1R
162.png,9SStlY6vIDTOuQ
163.png,bZ6vNJksFK
164.png,leS15295HDc1LXEt7Wl0F5OwqY5FO5ndudsnh2by
165.png,qJaCxN1wCMnpbpcQhLjh7eWV7FfrHgnbk8zVPTGtnbyC7aVZ
166.png,PZhWpr2OAgOs0dT9pjtoJTqVaKVXcwHsNu0JQ8spg
167.png,tcoPxjs9Fn
168.png,iaxypRb6Db8ABH4YBXXUnL6dEnCSbXyH8d5xQo2fVP5isoC
169.png,2dCdjRMgUEVYQTJ2HcKaDAmnhDbzPgAhIZoh7VDnnmAuu6s
170.png,HbBdx8SrSAx9fazGzfkdyjOOPHLX1LRDOGZBiqBKl6Xmg5fkeu
171.png,hrgk1JhhC7pA5bMkW
172.png,9LVIBzAGlxRFlvJHmoqpJNuEzfCiLoPRBvY8o
173.png,ZDg2SSC1n8DUqTCFZ5LsxEqt1ffqCkBs5k
174.png,9AyOvtTOAkJvTLGcY48Bor5rt57xnLaOW
175.png,Wk4AuJ2MGZ7AxSJRaoQEHt2TI7aGfNVPz
176.png,V5t7pYsRm0nT1cUxOw10wu5DeYXn0fbZhf22ZqqzExd3tyzaK
177.png,6sZyZTpk3NZf
178.png,uSZVItwvCRmNZ5YdeTLFNhrLEr7qEAMDQZiDJqZgpAnzguIj4n8h
179.png,5e4R0KVnAC5Cx7bETNqZkXs1QC2NhN4OYQurgrf
180.png,0emwkaqbEPiSvNzQKDrdjvb6NjDl0DVjKlskxaDBl9hXbogwxtg4MJrsQG83rYh
181.png,Qm8e3AnHOWqy4t2LV6moWo0ToWrDqC8OujEbCUhoNmuSOfA35lsKaOPH2PTZC
182.png,CFsSXXl6EPfTGfbOw5aIzpIRkxFdQuguzJJjkvDoLfpfsE290XQ
183.png,W6ffSMs8QxdmzF8Ae3sLck5EAOtBgqjJIaTlj
184.png,S1bxWyuxEt9cECevxHbNNGn49g
185.png,Uvvpwr8HkfCx0VEKhxvGiqyQO8i9v4wfPVMFMmw1Lz0qUphD3PN25l1XOdDW0cj
186.png,Z6pnaXlXv8bp8Tt55PvUBuUvJwNfMdJFrCl
187.png,vUSMptoWktPMyoLBq
188.png,TPNbZBxfvYELyIKpBwSgsjIRzFBMHZ7f5nnDa8YSdeXy04ojcNealyTb7gPbe
189.png,Mj1hvI6PqMj0ZltAfpLQpnOETBoOGgzX44ckkKZzjrtYM2
190.png,qe4sBYf0aZNsP7IH7o51Cn8L4ocxbTDt1
191.png,KNVHGHwU7EdVa9TvBToxTJSqx
192.png,1HrYPfrcjNPCAiWdQfw5KTuCl8Lygyz6n869M
193.png,BaJoKk0z7PBLkPmAsvV6prfT60
194.png,4j2Bn4G6fmjWrYqbJ
195.png,19wHX1kQDAyJp0HDPVbIv8xGdQCHV48CpC3
196.png,lEo6VNxMLYG
197.png,PFoogjbiaxbYTyYri5PYdAs3nbNWTguK68wGFq5EVC4FiptIW460j
198.png,wcNhkjmNY5VqRklSpNiS0JYjQo1GZeqvWj8oaTvZKjO4arcpnbUxiyGFoSFTO
199.png,A9NveQasC1MS9Bf61eXzA8WWeZ8icmJe2c0WtjERZbtWWByMNNgS0O
200.png,cK4xyuCIHSRu29IuVcS1e35cmPlltTaU3fvDb
201.png,A8wKZs9ZZlZH
202.png,45NMKAPnoRO6GO0K8S5Eje4QBWMs9cepnoEwzEZl21xrpfryEwdGiPQT
203.png,nLsDIYqk4DhES1gHMDf5T4iP86CSO9B
204.png,vkinsm5oV78eqw8bhL
205.png,qatJzjHSnDX54741TmmluE0DmPXJI7Ty9Lnp6G2eU
206.png,MGinC9WDP4RiwOiPe5KuOKfR1dJM1HVxSZIYwZi9gVY8wg3SotdqdFB
207.png,eL5ad3QkIcoBf48Zap0Cb2WYqrBmMKGbWOxyVyx1XEO
208.png,84L3MOuCZ6y8QDmMd4MrB
209.png,3jDT6kANdYOxITRsR8s8BdVF7
210.png,dMjhrXyAQhqw6Vn26aZOm
211.png,yVjG6l3819tW4fTFuvotBvIX7rWasvODQQS
212.png,0MXdg26O8JM6ZGei5UZ4vDVyREpi221wkjnPb6UlQqaCCWsmvL3Q
213.png,OUzvGBJns4cpNfFstSPpZV6mTsU47
214.png,SzOhBmre0LyOCRzin
215.png,YdD7kqkdK80XawWc8LT
216.png,aswEZCuwZXggqH7FkzbgYLQ4JUMs
217.png,L7TgBeGhTO4iANZBavVigjzuz0T7PbKRzUb0jle8wyRYZolUyGv22dauGAUwtu
218.png,mdtPnDlzKmOm2axWKxZ5ItuxYyJcFJmVHK1fNuQsiQ4G4uUN35f5bzrtin7
219.png,AVJ3XPz0qzLB8YD
220.png,bd5C9aF3IO2mivoHROtGFR0F7Vl4YcM4oTcCsqpl18VfoQTCh7deXYdntTQCDMl
221.png,UoAjmuZxfaP3zpkVrttK5sZSkmWPwyjWsevn0D2cLBqkKKy
222.png,pmPif9nGk7Vu5KUV3DGXRtCGxrQ3
223.png,Z5rCi5gmm5AwjGSbmEQCOpSpRLPYRQOgVgETBiKpwaVCvhTDu3LHpy
224.png,P3eZY96JyLmp0mdOuzXV0oeDB5N5KrdNlxVffOvaZHzeYtovUzr9kcuGrh8y4
225.png,AfhlVWzLcCfJSHvOrzN
226.png,IJUdIfCU2iMUaUx42duY1Wt7IEpIeYj7oYK2ypFGXH6VdFkfVKuwlYyUJOv
227.png,NuvZpbq6BCy1MaWpdRvFZGd36yQ7rXA5hIFIjhfSTcN9fH
228.png,HjAn6jBlmssfNK1jTX414HoujQVdBwB6umEaIwWZo2v2PsPYOei
229.png,CU3aml2MtnilNBdGK0w
230.png,CoKXyz6rcCaL8v8SuBZjOWT75flEsVKw03UNtrmV5McB8dfU2EeOHVwlrMT
231.png,ACgbalvOvUMzYMm5Xt8aJJaZEFq4wspFN7qlJ
232.png,Kk6PyoKxjDH28C2qa3sjG6Cy2RwPJJf
233.png,6fvRnkjmDdna7I6YbM63
234.png,YblVqEVuzw72MkOVx1cy9hdd4cN3h
235.png,4l7IOFxFCtsUTERR5YJjgeZNKB0Mn4r
236.png,ZD67yV3aYxYCVVjtn8C
237.png,DsrtSemZaJgLn18KoORcDC88IiX0tdAqWYhT7E4efrs9hG8
238.png,0zr8k1DaLLdEpGl2Lp5D7A9rh4CE1aO6t3PGEzITn8v
239.png,pJdRNmTbI4AJtjABPSxMT9vAS3pZRdnrz6rch3dFAMk
240.png,ikzkIyvlPiW3thQqIXiWDgBAN0Wzws1jHOhRJAyyrHCrYCiiCnA
241.png,7Ko9S2RlOALaB5ub4Yy7DM45fTlFeHz80bX9XVSo8WD1ajQ4FTYSsvNtfR
242.png,TKMDpKv3e4cvIJVoUYZLUOdCueQC2gdFXb2M
243.png,bW2TqodubOYv0fLmpM6G4QzGvHqi3w5zczzsLcH
244.png,xRt5HQRI9gv3vwNxfWI6ZoKiBjRkllbX3nWNY6A0lvf
245.png,Ss9Lj5OzQfY1h71tJyeQz8ASQMsCKQfVg29DTk
246.png,k0piPUcXDoE
247.png,AYxlbProDGK8O2o8ylSohn
248.png,N7Fg38Xq4OB
249.png,dBzwmvdP20ZEkWDASzujpzQ
250.png,v42x1jl3QVeUnIAAPcq9OfEoZnhzRGjZRLnXvxVxhWgCk1zv8DmrxwfvGeTbf
251.png,69UeAVEQixfiqbUmDNjhTQnQGWNOooqhOKlQBe0E6jT3Rus
252.png,BGPYvJyb9TPRJZmvNJ
253.png,oJuOOIWBLNVsr5JqYx2aSk
254.png,RElkWUnU1adM5Ke6HbYQB9KdRvigHnEDjC3coOQJap255Se9hJD
255.png,pHB50itn15Kef7HzQXNZJW0smq4XdLTNlm1FUDG23HBrj8S2jktfFECcy
256.png,CUad6pPbB9CWAEcWrsPZaDbM83tFez3Gwe6xMUYkWeQwzy51
257.png,tW7Knnl2ZsF5rJ0WDjqOvZF0ZXj0DPM4y0uojoiEytIFVp9
258.png,6MoyOBFuEsvpk67a38Y49ZxmdObV3nS
259.png,6pR1dm2hvgrwYdRDUakpaqUW9B6zhsQOlAsE8O0lPNjq3QE1NXEeHVIPDqbok
260.png,5895j3mhoSjOSIdxe8kWobbwZUItnSHNZsQ4MjVgxaZ1BgUYo9VHVe6T9Z
261.png,NFinRX3Z5kzubuBZ8gnXM3F8dAprGob7o0aDvG9HqgtTqAuBbEpdI5KA9zhmg6O
262.png,153fsERfuYppDzztpV5SrEN6dWKHSuzkKYn6lFP4VjTuCUv
263.png,x5xioN9beTZQm4rei0NKdIC8nbOv0FWBp9iGv6GTzgS
264.png,PQy2dLL0tNnlIIv3zWg7SRpq1UYS3CU2M3ckkXn
265.png,73GxZPStJXetFVD9
266.png,wZEja84Bo8vujKmjiXXcvUzQesAPm4vG
267.png,JPcP1m323n0wnXjO8
268.png,FvlUF5cSkAEVPuj
269.png,iropkaz8FvBoIyqacE4s
270.png,EEL2uoqR6klausMSsL4vkO5rbqUtMnq6B
271.png,Z7tGehNCDVV5WDFk1DsRMZcJguOK584pEMEja1lTD
272.png,Eq9hGHoizBmGzDUulDNdEkwTXA2xmWFbflGPly96
273.png,8XMx0AmRWNuRpPelnp8wBOENcEPGXoE6xsuAQ20KIx5c
274.png,fFERma6UoBmMOTuNadeMvBGwOEch69YaEIDq4Lr8cSsJ4sG6CRazSoY94
275.png,bUpDHES0NJveJoneTZpxGl0HTThW5eDSE7zfKUb7ekgV0G
276.png,Bnt7gC5klItIG1UfmpxdAWvlKEUfekhFtcDwRht7ZC4ZVqVQdJuqp32MJEGW7DE
277.png,ndDqbtLZaFh4CaFM2mcLEYpbJiFPVuXcBPec3lpTnIR75Pqh8IMlq6jGmKvJ
278.png,wZas2cY1cSROFzs7uLmmXSKilC34x5rRlFcl8H89zzN41hTjBDzkoIvx0wM8rR
279.png,EgsCeKBY80X
280.png,TIHbF8DHbV8gT4q1z2Nmbq5dEQUzikLMBGzjm2QdtqJRdRUwm5pKsuxhe
281.png,7MxKygva17zq8GMdjASwTGldGGsWk6SD3aVhvPzTTVjb5XmTXca
282.png,NwUzdY6QNrxirAY3xQiklCmvkyswPu0z5R2EMVTFPPiX
283.png,kh8SYbKRiBpqUptYqZz
284.png,chYUzdWR2LHsrIs
285.png,iI0uIllSkwopjqVSvmYgvPv7BQGDS7aGMDK7xJvDBD
286.png,cy96dhiqRxkyPichJjfcj1WiFyz3zal5sAwCcrS
287.png,VMUZ6PwRCIU3C97P0onmxZHLjAldahyEw5g
288.png,wscPfSTLWK36PTTxI9H4nbVRSF0gcx3m7F
289.png,fpdBtabAb5XuUHs22Klh3DJslimqw3kr9Iq6BvT6CFFFdcixwGyBex1KsLVDN
290.png,XNAWbhbdMR0fr7IeXnFcrjyNdlLiiLjbMMexKRnDWQY7Wy2rgTocHBQCcu
291.png,bUgHnpV0xRFg
292.png,B6mDzneWnPr27pIsliShLFb5L9CQYcETqVp
293.png,GOREx5EKi9P9eHGmAydqqs0v
294.png,dnyXkB3hCw8LlLcR
295.png,r0dOGdk4Jc
296.png,o4Uwvqn8U5mQ6oCo7q
297.png,uYBobEExyPk6wQJVUOxbuUNM5SG
298.png,aSGouRG3i8nwkqsy0EVDIsO2SvGImBt8UxhrX5Rec7CFjw9wXpMMkwF
299.png,fGkmupui82B8
300.png,Sj2vFO1EUKE0IIPJ8sC9bonD27MIRzUGkUcHvQW
301.png,5c7hsk1HxJiLl2OqC6rYcawjEq9F
302.png,XlAVKTc1n0ZZKUN5q3ZpNMxKOmdbg12ATPzW8m
303.png,2YCbdeEZqNVuPNC5hCSbJb8Ky16Hzc
304.png,HMlgwoiE4eLEWqEv2E7YOS7
305.png,Jb3hprJpPxFmMaVTNr7mMgTxWMf5dYf
306.png,bPjcdbO7jf1THbAcns
307.png,YySmp7xz9NbxH
308.png,YONz8NtGNpoboVHmNbzQjDoB4Cx8gVhmAb
309.png,Y5nYIeFF7FUyWI6F6F31LUd41g6Jn5CoqwEdbPaDcRYXtsfzaRyk
310.png,FtkksYJHU5BteM4Xg2AJ9t1bdBWRTwDaBjae62ujtrpG
311.png,rb7ZnM3M8FioxFTCKSybAgNfzSmePsbozYxFzDOLypvWb2OdaupfLaBa3ciOtqs
312.png,QEb9kPFvlMOSGm6HFqicrb2jLLyHIlA4eXib7QTELBDAxCU7P3DnG0vA
313.png,IB3GKCuUqR2muBqzP70A2Y7
314.png,NrIwQwF6Doxx9iurebvbZYRYBydgO8WU05Rq63ArCxc
315.png,c0YD1kf7Ezmxhxs2UqaloEXWhoqhE5tu1IOmlrD
316.png,2MKy1iPPzjw3ipDFD
317.png,9nlVmVEWAnfQL
318.png,v3NMe09WZACX9O8Xq3cgvRvCxMLp0ZU7RZtEgr6whOvF
319.png,3pgcKPw58kaCNneXmI9aFSFCCLrPsepWE2rBs6hZ7fFsk31CpYOvaxH4hMe
320.png,IwRaiY9POAb2TJWszCHElZ7xYntuOEEGPqH
321.png,Yr00rTy1FOvJSn
322.png,i09KJjy9pIwb5TVJothP
323.png,I21agMtQJVvi
324.png,8867FiSxkR0QumF3HJ7tUyKLcRw3USmh9xsOtQbuobaUG1fv2
325.png,Gnwfhq70KDsZ9r5VUD
326.png,W56MCFqT4hMSFyRu
327.png,bhtEp36zNVH8v2j3rMDm7tK5g64hDTW1QSZkY4sI1TU76
328.png,tIFXrUkcfEWBV7lckZLsPpykcBskRsSRkxhqjMlMDyTP8Qw
329.png,cKUJYFaVzciwGzVGPzPZrr26oySMxt1LqQE
330.png,O7j4ekhiEmECKV16esTMhvBaaFVQ5ctrg4LDNQlfyErZhMh8O6P1l7DOAcSFm
331.png,3u6d8tzrb7srnILybjFK9XKPEb
332.png,bl2RxOVyagMyBPdNyWSGt6duOOXm90qpvt43TBfoGLLguWo9EP0Bp
333.png,khiNivWcH2okirrO1XrzqYMhgvYVVsYnOWynbqUVTE357FKWvrQC9B4LPKRY
334.png,7d8j81TLGylIQzJkH5Kp29UHr0RM6oBt4sgkGce2aQ7vVY4O6oGtC4GWpC
335.png,xetVivcRkpCvn
336.png,qc349Hh7Q4FPdJrgdfefZY8MBNmeOk
337.png,BxFtqPVKLuUMudbIVbi8tOL1N4bLSegfIU4RnSOXUwNK61bkzqPGqAJtdq
338.png,GX60Wj6DWM64NfYV7p4xI1Hbp90IPAEg1CcBjSZyJsaKijkbba3VfUnHu2led
339.png,3eyzFZ6Byowd
340.png,UonymZl1h0RQWRxSzs8uaQOiPffbu18zY1B6mUNgPhi1tbDfSro0UqtcUoLBvS
341.png,TW2OPUDjrjUmxEKWG9RYJ
342.png,J7NdfinlB079cw5MB0bXXlkMa6Fh6enzUvTz
343.png,aEt96BjF0xCQPlkSnjMLQ5fzFRdmcJ
344.png,6PeH2ipanJKYoqztKcFiEiGCd
345.png,4xODEnzXkaAeaA2LVtnqRIPhSj9bjHCl6lRYW4qK4aEtPnYxh
346.png,Fs07bgqEvyuZ0rrYEA3OGyx3bgFMAyJMYucfmPrOsgVojG4CUa
347.png,Tx2enQeSDsZcPf8t0n43GjE6ZAxz9Gj9lFFR0O1WDE
348.png,4pRXre9vckI3fFAQ7ClPTHP0vHkaW1gO5L1NjD2gOfPu
349.png,6nqAUiiWMhE40SFKZFv5HXBEG3Uf39Py5DX7EaCus
350.png,X13kD4NipwU4HCT5bIGKRBNXvPlJTp1BpLFW
351.png,2Q235Z3PWjYdEMEwDyb6
352.png,AuBpgQv1X7KRaB0LpWJ7Jsn7I9C8uc7
353.png,ZLgpBNUJ3YJRFcyo3yKwFiC73vrqssoyH7SA21hJf
354.png,NTBWZKALFF79dmIKnS5NMEUKHENcvRgRZQY2
355.png,pikUR89HaavC2fCvGwRJuolOUyUDGPcleW
356.png,UaA1odI38inJq00yIj6sPD4z60Hgb4PUyiM0L7GNYEJnA3O
357.png,hAusdjVxuniMIbqTFne1MuKPl00XOtaS7GnA0pznX2t
358.png,1KRbHK9ipqtItOfLO
359.png,LVwH9UF6vyNHO65Fc1aWKnA45sGoAxeQN9aHUgk
360.png,DoZHKqJgFe4R0j88DiqCdwl1Qd6hWqV1aI
361.png,Z3Xdnywz1XPMRlw
362.png,dUq5fywlG8
363.png,q458xpQYztIF
364.png,bUDbgCFFqnIttNQmQ5gX3hIVWeLZlpnghRTS2O3zyiWPbwz3DaBjyA
365.png,lSKQynrxlHApb17qJugoIdaw2dNSmfHOrntzXgNmoNIr8PncK79r
366.png,HS4zdXLU3PN6tnbEC5m
367.png,c062sV71d8G14B
368.png,5fTggzz8hUSBEWUDGYkGqIq6S5g0RgFH85blCZKQqJxuZ
369.png,rwQCi2VHhnaaDREgDFxSc4mgExNJ3MO6tT9E
370.png,AMfImlslQ1UmwV7auIoyqQR0gELla5pUCIZhVox8VspiRTYAm144i0
371.png,VegLLw0EOVNrCSUIt3GxXQyqQK0BEYSrUxNebN1z0VCPDlYsxwJoU89rU
372.png,KgKVWt9KYSlE2zgBYGw1thY7vKiJ73aKUI8KJjA
373.png,xX48ZSia5zOCbDH6amFeUQ9lClgFlGUwqqZb
374.png,vK5nItB94Znc1nAzI0gtAgAS6t
375.png,vIreCjGarv0ieCYlCrgxOk3U578gXYPh99YYwf1YsKxRPfCK1YQU6CseOymsynJ
376.png,166tH4A7W9dJmRQnuoWPx0KQRdXSMufdCdLw28jx4hH62
377.png,ek9enuoiEomLLCRn5c6Csvdhbgqd0j9fw1YcQ81X8pj5UqwD
378.png,8NQT4p9722Dcel22mEJA3UzoME1D3uOAMRl8HuM0mGCYkuwJS3i
379.png,j47lbreGlSHnkcy6TE
380.png,o0SH6quj8E1dXQ4tqcI
381.png,dE9pfMr2AFCFU9BK3eD52KSaRQmf
382.png,xch4UrBe79WQvFMqcdGD77grgv
383.png,UAvLRD92JBSf0SLP56PIPvjaqRuIxN5O3GGFC86XkoQ7hgqwE
384.png,hwleHVjCioMFOPTCWwsQ5NznU6gb
385.png,wwazCdxbDLDbsy8e07yv
386.png,47jBJExOV2Vq33jsJIm6WIofl6gardvOOd4U7
387.png,rFV1SYQPaRpOTAUPsCa
388.png,ps0wWOK1qcSLLr6tlpt57XKUQ6FUne0DRZ0PfjwvcDqPCBiOAhkCLBTkIFRtOC5
389.png,uvBmHThT0IiH3ekppzVpQggs36
390.png,KWiSImcuqPkCYhZ9DQKGhU
391.png,8gwCToM0RNCGz7X52ob1w7vayUDw4ciP5pj
392.png,HgfzxmQsjvYNFh
393.png,YRY8qlp2MewjSgOaNU0S6Aydu3yeeZoksdtqe8BaLuv6Ow2x
394.png,Kg2AW7h8yKFR047aTvDQf1XbrUYCI9CP0qwixU
395.png,nDf07vqZJ5PNvalFt2OOFOZJZ1BeHVop4KUHCQiDetsz2bYZGvLQ02SOFsSJF
396.png,61gVkOirE9uSfU
397.png,Yp1IpifjJGwc6WfltvrAS6b
398.png,BBtPoZjTrlBN26rjdB82sTcRBiTk5f0SrHajgwH9xJQU81
399.png,y5ttyIiBYsTAZvUYbjMWWVbIw
400.png,RkO6uwykbPheNVGbMngFlTTh4T6mi8RtNV
401.png,mFwYFZIOVSjFXwMK57Pd6p9pvq90eaUUaWBmmTri1LXPzi9WH
402.png,s4JVGbXpLMALx2Upev95RbprvA9xz8XAs2a
403.png,hFesCMabJ1yjBjnH5N6Z88RpnFluF
404.png,QHvkY4pQpge2vPUmdCZkM
405.png,cFP1ukfKKQPW6uxciUkBJV0QfQOBz7NA2U
406.png,CjqVFKJL1lRZl4deuAa3bL0rn5G
407.png,SaHnRxf6cTwlAytBElVHD3ouNX9xZvhZk4g21PUl9ku4vlOvvg7
408.png,ZvimptzZ8ql3J7jn4RWqVj36UfuXXdAU6q
409.png,NmvnHy93nUqZLWnW88gr1S6P7aiJns
410.png,P2kGdHhD3uuvrXAyyvnoW81K7I39eFVI80hg9ethkL72sB6Td
411.png,kJxqMKZz1bGqxFQxsn8A
412.png,78OQpLzvftBI3I0geSjKJNzB15FB
413.png,efgMuEKznJsrxUB1nK5ncbzhXp30EFx
414.png,M8JWcOLx5vzBx3gfZiFU3sWq61DKFrRYKhoaO
415.png,dJZR0uaAdb19aZlXIsxhmnPkVRysW55
416.png,8S2AccrR5U01IaPIh
417.png,HrDrulNsjGlTgSO0WMUi0msQA
418.png,wMElx5vpMWBYjQLamh3dCOI
419.png,Ory43WWz5Hx35TE6FwlOtzCoRpuS9kiCLsrip8yFDXoWPEksAzh
420.png,wZwfXWqGoNQSGkojcfUJS0Wf3c
421.png,F5AVuDL8Qi
422.png,tv8W8MaEtdvQDRswtS
423.png,1jMBeXuC3Je0eLpiG7dsvJTkJldOuYTRsUJWUJqGe
424.png,0Au5rigx9tR
425.png,JQDe0WQCvPirLbhdu
426.png,4g5rMJmPEPiwTXZeEF0CQji1FnpQppPn0Aa0ijZBKydmFYC8I0twGaYp9gSGp3T
427.png,LZ0tYDuVKkUSL7pdsy1ic61s
428.png,gTG8yO6NgYYeExhO1zELP44AhZuYTNVTS9Su7WoBVi3VFa9EdUg7y6H2xAV
429.png,MYYH9yNBH3k4Jkh8e1BbX7xyk0yeXrsnQ3Ahfdhpp6AJ7eASa27WMuujiz
430.png,aapPDDeyxGZybAGmFQQwbouQSBr6
431.png,Dq7LjO49N2z8rkayNyokCd5sLD010k7UBoytMl83u1Uw9znT9
432.png,3gamZxpIRnECH6mq5X2Sk5UwjFf64TRpE0WnJ4xWEGSaFsRg
433.png,ovRSgQoqUw6hDRBNGgjY86f8
434.png,Ofebc0ssrsKhPsG355THG23
435.png,XmiLDSovwyzW6Q0pz
436.png,jPkhjI7emMeTN1x6IFfx9j1yK6R4pvGKcsPOjwGs
437.png,bd0rnuP0rfZ170gjJCDXQBz928LgsASGyxhTzzWS8ZCQZ
438.png,ArvZHlFwaW4qSraf35eymJnnScqJb0dc
439.png,bmQPoTzqWPna290RS8U3ezQ3trK8DmvXsU5Rg41Z8e
440.png,x86lSE0m8zpFUiDpmKrkXAHPoaNj5WhQa6YH7gJsX30Sx
441.png,gXBO0SGOBIAAUOFI4LEXBI
442.png,gqWRNDsv8CkGvu
443.png,etuRwYSAmOGqBgJR7BI316Gaq5DQ2EqfNfFIf
444.png,F54ni0UozUlK9
445.png,UUvC0Ksh6FCVje4UMoLVmmwzqDjKDOTpDFVRqJ8UofPmzcge
446.png,kFSWs9UAgnZqjFOsxy80bWki3Ovt9OLFcojk9wFT9ZEWyHPerYtWJHdl
447.png,Lk0sY0AvKO9E1eInHT26PC5CNF
448.png,IgvblG5iGVnsUUd2AF
449.png,7s6sZgqthhOws3E2jkqRu15qDfQis15BjJN2QEn
450.png,qeXM0XKeYDPljWJ2nEEu3
451.png,X7eR2iALPDvrwaN1TnTHjjqrqL7UlDpDxS9nvwvXywf8R9knfEWaAQ
452.png,SsVFNPR9lXRNhX1g
453.png,tGtkVhzHgU25dehMd94ub4JcgaUfOMuB
454.png,9th8dDxA93aUcvC7KX
455.png,Lko43Gp0AnkGSEaYuSfkoQAUNn9ykfrWzNAwVuupW4P2ga6jpOxjAdibJjPxh2
456.png,3P0tWlL1zRuzo6O3foApZ5GkXLZg8HTgF8U2vy8bQ7NYfVAXkHFwQbk0
457.png,SDyXtJhqG2owQA
458.png,8pRG0Yd36305IRL
459.png,x3iQJg5gBueunUk2xwrfG
460.png,0CLHCblcLCjsb2YgiXVmpneawOWJ7pgM53tUaF3e5vwOg
461.png,ao8w5EP2jMrCMGqgh4GsbY2WRVgJNql5cZJaSCUbbLcJ2BzMylLWym754h
462.png,EBW1SBaN7cdux2in
463.png,Ma13ugiPwybhgtk6Y7iadvNbGperbtdL8JtVcFGVt3aCj8UBJsJ
464.png,F8MpfbJJa75
465.png,VpaUn7BMQX8R5r3WYK5bixxpS92zjzGLhmb
466.png,5RtjO2FR6Uic34gYhSo5w4drRj
467.png,PRgPDN3GDN7qjwMZygsRd9SEPIc1ysFXU14ypw8Y
468.png,H7U28GT5ioJ98gP59eKrHVgKe16m5zEG13g5f9sBphcLu0iuNA6P2WFI3H
469.png,o5AOZ8AzCllVCs6LjNTdp5hRUBjmGcShPnQ0xub30FbAPt90ZI
470.png,ckRYiu3j6rOwmWa75UXtu5yJwKxn8svmptIUVUQKpI
471.png,cNFWx5O5npw9oH4dpHOntXpI1uD3YkIOOg94E81CCBa0Ev5bh
472.png,RiO1ar2NuPGPI3ZrFkSWn
473.png,R8GWmWja6HoWSCN5Mo9ZKCsih0us134Pe3fL7QYhfUKvHGn6CI
474.png,EM5VfIyGupxSqteMx4N2lMnb
475.png,bmmybng5im66BRE6ApglzWma1qG1b3B1IbiGsVlF5yH
476.png,1mvCCqUb9Ks1Kt6LY7uiHrdCJ1
477.png,en3eij3ckb9QFDGMCwq
478.png,54bpnbWFHzCJ6
479.png,oqFI45nfSBuDItlduJmD0o7GmvTNrs1iH9cTPUPb56ireoGFYdNZ
480.png,wg56ybGqhvjf0dV4B3jUTTlP
481.png,i4hYHaTQJ7UCk1zHUk5M42qtR19HvY5vSFUP0AcbRT
482.png,nNIOZzx5WQAhd6w7CeBQ2V82Cew
483.png,8bkOO4Yhjk4hKRhKwGy0fci5xu
484.png,CZQOXQiWKz8rEDop88RUTpSi0syVO4V4sFUGPicYjcF3DFYkxnFT6
485.png,ipJqUzw3SM7hTR1NPvJCZc1RG0GBRIg60ZlX4FZiJaD
486.png,x44WUvqwnoJvJnbutZIXmjVg
487.png,jpvrnlIU5rOtZmtnJMVVqbUPKJmD
488.png,rkxPLiWA7I8TNAduk9rpAZZrh2ukoHgjX2EdllTSG67km6e5
489.png,ZEfjgwAztelZ0QviFyDslHAZeMQSWw9
490.png,HAN9Ya49n95FNaq
491.png,jmwzGmXLdLHY8YHZLEWrZdaWBXFJxV3LxUaquLk2DqtZABpyriaqz8Nvo
492.png,rskibphmjqKBoOmr3WmeGHdLjCu
493.png,EcujlpxhYPWkQq8er0mcO0OiZdlK3p1jpn04WkZkxVRwiV0XvnqUHBw4BlN
494.png,Cwr5ztPtn7V2t1a2c6t15xMaskjYNQmxVBkOivETN2LqXgjYmtX0Mw
495.png,4E1lRjDRiNkriGQwGCx8nqCExHz58ckpbfusSZ3
496.png,g90AjErXKOWQMyiMfl3kwFzXTEODZFlVl5S8J13FGyvoU5fM2GTNnV5G
497.png,uZNH75nARIYq4555n8DXCfrrWHWbgvCTVAn4aOqUXWhv9AoConrgm819Bqee3
498.png,FhYr1qefzapyHkjkRp28nrbi
499.png,R6HsrfnVj04IJuDfK5ul3Ih7F5lA39wjK02U
500.png,cjd5LTmFh5eJDV
501.png,hrfImXbD34SWJal2
502.png,6p5Wbk4U2i6dTULBPRAjQVhIUk8ILHOwkrsDrPVZqAGcyttq9XcOl0CKj6
503.png,8QHEsqGnJptibr7XVAAScPjw5Wp7bFFiZ14v9F9DEmfVSL4nGJKUY
504.png,0R1z9wtKvqX8jWwNvP8POAbRNr7Y7wnqXS53gD9e0
505.png,yYIiUBjRzbShD3Xh9CqpgHcLwUrNPaiDCieWf
506.png,jRKeAU4pgnu3lNTTOi9Zc7lxzpAhZ1ShND
507.png,jevvYaQwqdXjgna0nqqOfIdk9h
508.png,jsJ8AkEM4VB
509.png,zcq5Qq0v2ogvhdZjn8yPWCW6NqT6jW28OhWKf
510.png,Uf5RTrJfo6SyZ0NeoP7YlEij3a
511.png,lw8ammphbdB446ONSQCPPfwNxOejjYlamW0NOHNUj9
512.png,T3MVRmnYacA5eb8AdmTcDo7GiFwE9d3vTrGNFS
513.png,d0VnUQHzvP3A99ctEcbGcjkps0Bboy6Ce5VTFHxFapPvtll2jxuzoIjG3J9dsK
514.png,kTMrsmrTPpywRpzrWKUsYuYPXCEv8BKL08wprKqc
515.png,J1U1Q6rB1Mh5rWIrIWdqDl5qZFjENoQM89JIG
516.png,t4jIVRcNWcqC
517.png,xeBRbxABexkW8i3cKvnIrh
518.png,T82cAdV8a3j3UYaAf53g4zAAE3h4DLL
519.png,meEJlkTjHuUnMo6
520.png,7U8ifzESkLuQZv
521.png,PX7HX0GBFiTWMucSDrFch2wet7esZuKs1
522.png,meWB3Zu8ff8aztW3NmHJFfd5HXQSl8Ts7dnotPQ50G5fEBeZNYVg5CCDPK4U8D
523.png,FOqXTRSCC4oA6NgLQ39DeaSQDnNYkKOQopN89YcEiYKyoFqRfpMmswak
524.png,Mrxv7kwqUm7La9nW7F699RdwxDvenOEcNaIs
525.png,FfJLyOMWfkTO0qs6snPKnT3sIkRspawySW9Dnm0uG5KDhVM4eRkyYv
526.png,GP6jE6CmEFqZNsYyZldQh3sDNSaVGOIIu7ZDql8T4
527.png,oHFxS8HnWw4VGIy
528.png,ga7sbm4MIa9tsYYI3WLvReCp6KezANyQY3uNEMZO
529.png,JPvzJOhNl5OsZmu3uHlw6RfCbnaa3dvX3InPcVEmGd3pMnEcNhkZHqq
530.png,QLNIzQPcJqLYBOHHETxkCf7AieEB5FMmc9wjm9f3DqPFvFf9AZuwjUp1
531.png,2j8JvLkPZQ7OLF6
532.png,atGeXKn99oA9e1jmkJ12hyqY8hGgEB
533.png,SqX6STVBhut8GtWpP6lOheuGyUy41ERqzAsEZfMhC
534.png,Bm0EmDpYCeENb8d57Cp7hhNmB14eN5AchPP
535.png,Em5JpGGQhcehZF5RPvg5ckGRKkVDd9XjilR0ZL0ISWdJj
536.png,MsVVNxYqED2tYjQG
537.png,7Jnlumg8DKZoGMBvouC8aGNlfcy6l7KNDY25km6S9iLdstL4E
538.png,hx7VE1qUXnNEcwVn8yVbJZ31t
539.png,aaEv9j0qtEUeQxOgk7qgIf
540.png,Ps14kzd5MbjZi4bxkcrm
541.png,RruYOJyRRp5QM209NwYtMAMp2120wDXvSl8Zj4pUlxk9qWUrd0g
542.png,6kNFaREXDhaTm3bkpXL79uR6PsBkNZhAu9t3zGf0DDvLhEhGhccCov
543.png,rvR953j9oHI4mz6lZmXhsfvjvO
544.png,Mw1E23xfb6ErC3OUNyrSX7FawpI
545.png,6UisgBtCPOaDKTf9a
546.png,rh6s9OFWPC1VMMNWSK1FF4YCRg0ldC
547.png,tV3ZDZqnVoeTiXCjaQdxh
548.png,INbj3BneyvC
549.png,oQ5HRTwZbRaSSqz8NQNhKlhlOvAHreBxEgBiIgxyhEz41vVjoUmIqxoUmy
550.png,QUZN2OaMmWpRlqheb62l1BEITM
551.png,vdxUpDsGpSrqzzp9LRk9fg90sxhnVyv9AMRD
552.png,TWfTZ1oE5EeEYjRzJET8puyZ6ysmn7cK
553.png,jWiVMTGDJbHRzT0bPK4kkY2JbxXaKn8wnkDFgC2GnRmXbl5T9Gx9KcZ4Ysk
554.png,CgPGA6AURm3wOKMYV49OrI3ExVAwmJaCAG
555.png,UU1kifJuOMWQ7H3WFRO4gPWqRlawP4pH7
556.png,UdZ2OORRRcJSGQfKk41O
557.png,m5OrbXuItI3JQtB8ZQNpBZcbhyqGvV6XPVRPE
558.png,g7ieEKnQQBhoH7Ido6xJb0D
559.png,x3ku4qturdb70CSLFU4RQBY0qqjPVnLxKlyPqBcfsueVWejnGozZ6ZgUVABts
560.png,rFLA5OYbmM
561.png,gXvjwAd91FhK6
562.png,oUWOdS3Coj4dIy
563.png,zaHTebiArvUzBKNKq9Hw6OIfjmEtR05pATJZdSjffSYpuxSC
564.png,ZxS3RQbDX7hXI4oCmjUKrU5ATsuijnODDsshnJ
565.png,N4GoUwQocWmAfyfIr1XXf81JCYwmzL9foS1
566.png,zc4HoGan02SixT18C4
567.png,BmoUkPtmbaKS2U7rdi6Q2iWp65pSiE9
568.png,0ZDVdaBTsbm5qHXa5cfewHCQ5ah7
569.png,qJ51oojbJYIVfGmJhjKBuwDB1BIHZsEqB9vhpznMYfc
570.png,61H6lNaBDmYK3b5YkBqmRNWPvnMVaWYDdAmYTUWt6PzBiVV2JGRv5PFdV
571.png,tKBdI8LNINoo2pfZx9AtnWege53PmW5t0Xny42Wv240alywPIPf7zE4b2TzHvjL
572.png,UtEuTp2RfCZsj4KfD0l36x5TLsZ9rNGdeYavhVrtd9o7ROS1hjMnRTkgx4z
573.png,GMz0PWdP2dSrTNjBCQ8U3vux523hYxoLtvPollBUtYTZiIv6rN7hE3
574.png,L55C5zBlEwErt4cEKiR9hmvqdIoFMteh5Qc4B3xl546LBy1cFjGme0
575.png,MskGmsFkQjpWC1gaxDnoNcht
576.png,9DXGKmvSgeN9WPFrvPyImbX
577.png,PIRZaiTLaUHM0prMHOETEiYOHajms
578.png,0CLvjme1bWvOlxFo97VBXwyVlE7WgbhDRSce5EuVHC1pqa
579.png,A9pQxUoCnRwST6Lly4jm409DYL7
580.png,UGv3iJpPvcqG4o77pxyvbTEW9BZtg2BhLS0xO6ZjjiDSBlm23607
581.png,MHd73bufXSMXuIBcdCZdrpxh587X6QyloevqCgiLhBkR7psrC36NwRLf
582.png,bmoT6HTS8sE2wfN98GIpcGqmD5ntKHM2M9x
583.png,X4m5tcylcJfvGrxcMOFJHwYJjCXg7Ag2pgbCXiL0aH
584.png,F7n5rMcR08Pd1arz30pV4tL2UxjmaCVi3dtCrQYAEKGP6TJ39r0
585.png,0FVgx8gnDFRsUSEJKS
586.png,bIBr1VEqVfcWVmVmVQCohkjQX
587.png,BtGsvcc2M3iGxhbu8TBEeaLWwxb7NI3yUdbxq
588.png,T1GtWjQHHbjtQ1ugqRAhlX
589.png,HTFB8MYZduAY2O9pwBW6A1
590.png,E22RApeX0bwlVb9FY5vqvWT9Sdkl2GF3GwYiEM6Q
591.png,NwYgsbfHlZ4FV0iEzAlK3z1UoMu
592.png,lf7bLJ4l8BR3QDL6paxRLwkaEQbwOvj0YtaUgffNhA3uG9BFerS1Nye
593.png,0x94tQgo3Vc17HVFnuazcvuh3FGMr0rNm3FcxhBiT0xuqAIuYWt31KmHT
594.png,29PxspcD3UaWVIh0ASYJdvSulc91YKigeEWZXi9lL
595.png,owPh9hxdrkQoe3YK0uu4NOUm2e1q41DJRt2TN2MvNGrZTBDQwEBj9
596.png,yk6OBilTRUoa1dpiGT1NMmy
597.png,IGomZby6NzXrzDjs8j3tdzFtTDqyEHGdP3SdGjqwsC1eEL
598.png,1hkLG2ykyGz8QkXo1F6M2QpHNrSe19K6sfITSSI
599.png,XeXZh08pqjeDMF
600.png,P7kopEYM0oSXezPbfLIqyvxfRjz
601.png,038Y0u2vAF0PlyuQDdLRfQxF3
602.png,zGbKIMvlqr0xuoCRgqNDDAJmwVypkon6x7Fg1aJ1
603.png,PdcncSF5bjhGgmWlOrcjA6yhJ32YuMG6uspubAJkge
604.png,g2TFTsHkMatRMwbGvWsWIU9HFhGiB0O
605.png,Yi3zOsby2YeviPXXTEsy9Oh7oi3jydzps
606.png,4tFIhaVvqoM2fGwaVNtQRnPiu4oagcJW1jB5Qp
607.png,OImfsPRwVbgckeyse
608.png,DhIRcM7INZ
609.png,buRNyQU5UBpYLaK54iPyzIRryLy8XICKjDC6Be3yx5j
610.png,kdI3B30fUGQLXvuHiEa8
611.png,zR1Bsx8HbE8fxmNmL83bbg53WejA40NL8onvKIOG2yo2C
612.png,1pULWfXXpn9DLfwMUSGW9Y2U9epM4cZ
613.png,3FAQ2nMU5uQXRKcK38sFa67yoAUD0mwHmC5Dtaalxy
614.png,9d1g0Hr5yvXsyr0lGjn9aYfmvK5Eqzxct4NNMRNxqE7mw9yDTVt0oqHYT
615.png,prmkcBI4Z3xdx6KEBMs1MH8tbx70dW9etCRd7XTd7DHhdPbUNbBWf
616.png,a8hkJRlVQoLaUa0NbGRqsoKgqaQtC7XFkdU5bZvQNZ5CFr7Ll3tU7tAvVHV
617.png,FLzZvd8JlTxjoRewL6iocJtPXtAkOk9KNccOKa9IdkeeC7E
618.png,i3bhSKNz9erAgsO8HjtELL19297kCupliGQc
619.png,uye7CRKgzSIpYPbD7FghsdX1DvtOfxgtwaN7HXPZN2EOiJEteDf4H0NWGJ
620.png,Am0Sw8L88FePrfvUEeyaFYIbZkhFJwVIxCE4
621.png,A5p7Id0jrlyguePVw7wVdrCcHNMvWlPhqAJWHpDt5fGs2Qk3NGiQ
622.png,NjR4MXQIA87ypDJdynQBT
623.png,j09h7d486KYz3cuXaBCVlqcOWOrwH8yJXMvj5qvt3buMHZ
624.png,SwggxRPxrSLI8148UuKgx1Yr2583LKcO6wE226BHw839roJkX3B
625.png,PuXhWdSU8hmffevACpmeVkKsaLPGZ8LckcycBLzTVw
626.png,J9uNeE2ed1hLTEVfW6BlyULLwfbs2IrhvfPEw6eLDv89Kd8USYne
627.png,9J0ZlSse2IS7QiFUI2mMSiJUZme1mG9pQ5OgDZNwhtjVgjaFMelmz8ySPjjsun1
628.png,CsqmK0z8ikOj02T06PNEuoNCL
629.png,q9MYoajToIdjIb0rttgiqC1I9o705OMlTGk5CJlqIy8dD
630.png,00ApDvPFQOWSkdtnFPzwpf
631.png,VcBVCVT978UocbdnfI2sIEHgjxZdoBDDe7gRi5Ce33TtV2Gfek5X
632.png,HPoVLadGH4NFsSytVCjx2u6ZDz8NmEd78e
633.png,knAOqjbR1yNGycB6van3amDESkpeKLcjsyOJHJU7HUV
634.png,HbApiO5bAQ3t9RTYvUXDy2tNhLssRbwLa40yPAVK1PbFMe7RJtPIk
635.png,A9LQZuhpiZ2gC8xGTM3xnHNck3ef8ZkfIHVSPooi6twfB5Xs7gVu7
636.png,jcqALzZIQX7R0E3RvAqhDR3FmwdB9ebPGgzXcR
637.png,8oUgsXLoPDeYczrHRalLmEv1C1nJUx3YXG7M83MMMx1i
638.png,71GgA2ZQtigVwnj1y6BdSnBPoRiounf
639.png,cJVEDRPt7jkcy7A65arPC9nFhRyHLMa5Ohma
640.png,M9Q0RdfFILMCLIG8rQGU0pUmWQ96xHGEzD
641.png,pzLpSBpeAV7sSej8LG4OhPaVKOh4akHQDyD
642.png,GJxsCEUkVWglvDji5CoosjRY
643.png,d9iE6Brshfr5codTU
644.png,I56AczBcTau6ix5bCwwCD7cECpkT
645.png,r2pBzbqnYKX1eX0qSwTF4mfkM21tktp45b
646.png,QQfEYgJMzsweXuE9xEYHqM5qAn5gHom637uW4G2CY7dblrL
647.png,ej9ypHEHEyzUWCPXpGgcZH8hZbjunFqswzm99xRsKq0umB3OmXkEX2B8CQ
648.png,OvcghQKUNke1wmKzJb1hRSRNCl5NiNbhm
649.png,iSbzwKjTKzAkq7JmnuywIZmLx5rotxSn0VQfBgdA8v9rZn1Nebx2aQ
650.png,H2IWku0vhj6HUb
651.png,ftjJghHIavlmf0HCbdJUpdjOETqA
652.png,XBG7fshVWM74JUtPvLPfmKJqRSoMg8AionQrLhdltQD1LvHPoJJgFrReV
653.png,zX3qZmhiz16HbM9FD
654.png,Mu5i2R8Z56RiVrZn2
655.png,WwCVUfdG0JiGgczgOqjixzSiaFOqwquf7o9UgWDX6V10FF1Hc8LtzAPsyZMmRh
656.png,y0zfS55YwprJtkYszf0sMr9
657.png,EEBA4XKFspcDeevjW7IFy1SeqHnwVcV5ANOoyU
658.png,TZdfR1CpJUOOgM7do5YHxYZrNqyHtTRjQrU
659.png,vBJKFimslzfZfg10AWyZGb
660.png,Rz3f6vyWxFBgj0kO66vXP6n97FxzTjM49JFVjSXxNvPng3PbZ
661.png,vjB4vEHzhB5LkQh5iPgdVJjM2B8BxIFCH482LcQ22gGNJkFRBYzRoZRz8LV
662.png,bK5NbyTP1lAol1pfImCYk4zEADDH0Cqd0xzORcv
663.png,KWi1Cso7OcJkTPBs6ZMCnW1C0KWy1KbW1jNa8B1AuF
664.png,Ztku2RrxTw0Crfzdbm0G7lxV5a3qRJyYnrxklB4jOJCXj
665.png,Cy7NDLJYuW7A97DVdfyvL0BlugjVRGiwO7Ohs
666.png,QyFib11TbHEn6Mt8wFBgHgvFG6GSePbr0H4WOMuweeO
667.png,rk83w7azeSlQdbQuu2bf0XvY2PiM6Tfyl9w4zzORrcIrJyYyHYw0DcRDr0C9pi0
668.png,XQQYF7VvE3th77saVHwgAyMHKmB4zekQ4WDfDMBfopgEgPBEpz
669.png,xV26XgIUbY2rDta
670.png,qti1lg0SvKoXJGOVTaJNORGdxfUm2dUldhOiPlb
671.png,BuPFVVuLBKw6qUZWi1o4hLhGSY0XtKlWnOfCc
672.png,TOZLEtD7BZQh5wK74z1Ws
673.png,Zk9GMRHo1cVwZiYJBDls
674.png,EgkrvYbSSlVURYWVcWb4FL2TKHMglUouB2JSAiPf1wP3YtD5jQ3yL6r8
675.png,vBeHZu3BCBejFfCMsQCQJb4ywvyQsE75qlATfHlZCETKh
676.png,ITNI75UuqMtyiLqWaWDTyYGf8NLXB4
677.png,vvf5J60rz3zU6ImFwTAE
678.png,l2r7vPqtJKg9TPrBi
679.png,MeLt0x1vU8o8UtwLCrxC2qlBr2u
680.png,NGgCKCiaXqT6nDZADggKBSQEJ7UYAgxvKHWUumPe8
681.png,TUbIS6xrjkxXb
682.png,BP7Ek9G1hRX7eF1c0NniQsgIMmACGL
683.png,Tpj7UAc4rriq9jRckY3idUFuQHF26OvY1WKMCQumj9N3vYa1OZidH08MFiVk
684.png,YDH5YCzg1LUEKmXs1oaNuCLb0eUCFzabs5lIm4EGAlgTQngk
685.png,nZgC7XwJ1AAHrvuxN8B7D8CW7i90tJf37Q39Oc9tc5DuzdPLvdrn
686.png,ympp6DPHnO6qCzu091uFTy6L9zaI0EymJnRMGvurmrleyN1YVCg9JRJln28Z
687.png,nVRcwOCOyrNchOFoSjF2EgYngxkpk7pGPkp7b1eHJRW456zjLWOlX7Ny
688.png,0EBYvZQpkUbLbcCGRalOlgetBlqJbkQWJ7jh2rpTj2WVQJVuhReVO7z3ATZ
689.png,CncuWPG2oD00mphktxKeDCo1Sr10kH
690.png,t693eB2UtWA76Lx79rjIbodN3Ibfppyu
691.png,yvwBV6HSKjEg5OaNYA
692.png,o4tyQCz1jEH4uxbos0t2IM1bbZgQHwEjQdGUSKMKCrbrzzwmownCmMDvlnqPQs
693.png,auS6Z7AFLFFTnAXHnNrhuzEPSq
694.png,WWmbI2t5o7y3vGOP05HhCmgc11PKOz
695.png,cLdWZESNGhI
696.png,iwIiArmDXZv1
697.png,M4BNPrBdh7MY0vcDVtrT0hJ5BYM3XsMwFEVmBiz41zgyaaI
698.png,E7yTdGSstAUQ5GyXNIRUyybV3y8OF3figNutF0Hj8lgSPJ9eGMS0L
699.png,dDXMXuWBPpkaEeNoWmUSDuMqvAqlCKPLhH9XCyksenp005OgWpXDrP3F
700.png,P20APYl90wx3nBA8wCN0
701.png,9PqaWvHp5cohdCuEQtCVVyZl4uh8Hv9JwkOUl8RxTIMRnWMyZtmeZGutckmpY
702.png,Zmo4qP3RuTtvj2dRgrXS7ZXl0E98J0Sc3245WO2Y1x1HbZz86ZxHJmbNi4MCHE
703.png,mFEZtggSjKe1kh6q6Cqt0Y418MfXKvKnTEiITGgBnL66rJaV0H
704.png,HfAUUUlXPa9THxpIUQ0mc1WlWo7u5avPxzEURDKAq5QupAqdq
705.png,MID5kVp24B4k0LK5E5MeTGQLIMZBVePya6Bn
706.png,pf9SU5jCaJSGbejZAKYpSq8YFgvum4o
707.png,MSVEP5IInEKexz1rrrFYh7LWAQuygVQBGv6uHs5tP
708.png,KYl2KmKe6CFblSEjVjZwGHZImIe
709.png,ogKzuZvRGIo1NBUlyGJnKdqFb4NipaX58PMzI0YaPw256Z6lrBp5dxJ45hzucI
710.png,D0HKCGRUlgXbyl
711.png,CnEAz5tl1gb0znY
712.png,FEGGlGyRw8Mm5G2ZKsi9B0Au5TQK890J6IzGj0L1itOuqKkiI
713.png,icGAHMJJf9hFhGMkUbxhz
714.png,ZwjeHzVMzhBr5V1k8OrRNhZeFn9lFF74X6LwbW1iaIbloTSkCbTI03EmcB
715.png,DfoZT2h0ONfn6DDzS5tGt2kUpeCPyOnFP1MZYU58FHOjn
716.png,Ely6V2v8kDpcN
717.png,OFtY0lTEgpgbUB6rTb1cUgMoRTWP1HdX24TQ9GKfDnM6ctdChJJ3LJxiA
718.png,FVU0we9ou3ySKzX8fnKCT
719.png,CUreq1QKIGbsHMUhJTD1zDddiW7i4r8rIrFaxySt4ZKi
720.png,6bi5luRQIlR0huuLMGwc5tswrBhqIFNFvr0nAYBg85MW32rvs6AzsGbXIXDX
721.png,cWNWYc7PNBD6tceZdbdHC
722.png,aB6eNPczRajT0sMIwfWNxxYCCzoNRLaHe9UgfjFMuKoBzdxLHE1H8Acd1UGM2y1
723.png,f6RJm81YQTJ9cQFqQRh9uPiHF2jgrvi5RMqhRgz
724.png,1XzRzMbj8koU30FE0NHSaS7WUssj9lnSgr
725.png,7LZYreCmYsPE48TEMfetv0FqUCiza8Ha
726.png,cP5b3lf5D0ZY0rZMZzYPAVBr1NoMba5YOEwj
727.png,1it8srSjLVA2m3oVT2zGfXahIVAFAuTHmEZbiPoe12brY1Vf
728.png,WBU4c52AuiwmWQDf0nyLziM71Vxi
729.png,lOcfZFGBTdWAaTp0bvnUK
730.png,Zzbh7K8a2JvygXdbpihl2Qxu6Pyr3B4ErhAKbaeGpAOtnfnY
731.png,baKAPSzYOSuepr8I3SezdAtQFjzLQWcSB3p
732.png,FmeyefHPEI5odZyZBq1z78ScjMXsesFqcgD9jMIByg5KeB
733.png,G9Wfg1WSDKkLjZBRNVUa0bTXPrM1DQYVdXDCcren971MfjcivY0zMLzne
734.png,VWISOJgvsQlfRGi447hmP4NAAx
735.png,3nz4SHJSlzfSzrzIcuvnLCVdxL3TcNAhseHAbnpbtt98zgTGLySAsCjn
736.png,dJ5e6KysEYE7AS0XCRHBhAQSNtxdBslTdAVXOQCyaVi3
737.png,TpRHFJYy7wfW81P6RvP
738.png,F53Pv0Mcg4RJ8Z13pPYmThCjWFkRdk
739.png,9wYTWqa0TIg2gaQuMb1
740.png,Vyeo9gX0c3dBNPkSdKYnorcMlvKW
741.png,Q9Wa2ozKz3HOIUQekF6s8rY
742.png,vr3Kc4CXXNEfHo8IXrNna5Pik8E8R7F3IRh6fy7VjxzoqByHrOMHQj7x3shLNA
743.png,0USk8zgaI5lOkcCIPXWK9qF8blEUlDjrfBysQ0faGJpmKw44y6khCGP
744.png,8LPPZds4mkHZFPKTZNg6T1ExqtB42zIM0I3z37S4RCHc0Pr
745.png,Nl6EL4NeI1wBL56ctNvC
746.png,k4IxoHll9Kd6wr56F4
747.png,n06zxeDjpZ
748.png,POztt9BgjAkVf85CVS0oSksJHs8eg9ukW1OjZgPtB5IZ4
749.png,2RHJ1JaS1w0w2VP
750.png,HXSbGDmjvJ4ymH9LahBKpSLoDUiopjuGkwE3QgTc9W9u
751.png,6VbvpckjI8aD09InWPSptXAsiIDCVOqK5MIR
752.png,TlcnxWuuq8igzCQ
753.png,rp3rxWkaJXMDtpMVQUhUjk22En5bFA
754.png,DG8sBLs0jQmb
755.png,Z9q0QdWBRfBeOMA6uGTPsrdPxAv24GyLv9JIQVrzEQ1A4IAxg
756.png,wHoWctnTrD3WXMMLOcQ2aXQ0ohaYCVws5MoDswtm
757.png,aDERag3k4WD7YazhGSqtF
758.png,v7CklOtGtXuzMreIqLix7uqMEW8ArQC7orLhiIbXAhgRsDexKEv
759.png,sZXBLNOR4IM0ZU0bNVXcf5iHeQFXkagK5uPj
760.png,PQPsSyUmzUc6rtyRnxTTK7wVJ7EUQzBfIIgV02Xo4eiFlDMJYRpJt1tgKoXc
761.png,ULXcRBvH3FS2AgWybCqS1G
762.png,qC7LxQFslR6CMPDCdnH9nFajSp1tOvgt522r7dkxw
763.png,jh2wBaXV9bwamXWzDDPIBew0TpnNIjxjAWKjzbgafQUTnr7bdco75Og2Tawnpel
764.png,2j7O2ONI86LTAdO8p3XjAVTd0lo3M34
765.png,oHBsQxPswz
766.png,A8FlOSNdnsKO3dvCLQGhMBiEcrtKHtbQ
767.png,s5JzZ1EmPDvlX6qL87DfIykwrBi72uRtSNsRsjvN
768.png,NtNmo0iAyojtuiJyPrZTKDcvnzu78UAriKwQr6uYuuRC1mIddTJ9H
769.png,9QKVDuIiAwSBG0i52VgwpZ4qNajeQsdbcgE
770.png,k6hIARKwoMfoD69YJyc6Q6ysGnOz7j6eU5BQUwG0ywcOoCn84sJRgMrR6q6wNkk
771.png,36Y7v4y0ryzyObwHSofqWulcTwKfnsFWWJ06o7U7IeX64L
772.png,EzzI9enGE2Bx9mr9NTBVnkNa9gfN8K8A8Qljxbvw
773.png,qPePQOp3CdYjoZw6I0KkKKIv
774.png,Cl0FHtOSFYI4Pg8no3hIcXfxeNv2FiG69UOEJRU
775.png,o1E06NZ076ctblF5zgGZWfGZsdmR9pips9fj1JxowufGfhWvugAcyhmAMgHL5V
776.png,naTDVH5HekXugpFY6eYdvEAGRBTkIkng3Y1g2K5WmdC
777.png,BIonLeLxeM8HKjyjn7dJTbL8
778.png,otWgSiU9KQkFC45QG8411M4diNn3k4vcEmI8iv44TgwaDER
779.png,gs9moCsNjkyXjmEJ
780.png,gGdAj4N0i6pnHBUsnvq79iEGHfHh3GRwbZt
781.png,BozaHCM8zheQ
782.png,JeaHDb6H2AAmNLKvCv
783.png,2tKgcz0jAe
784.png,dySc2gKSdlULr9SIs82e2OMxlP5uAR0id9LE4NijnGt
785.png,JQS4OpAMJc6TPL9xugNQu7T3O2zlYmk6pQdCOaBpWxDjP821w
786.png,6cWudTx2BeKpgo8t13X1F4y3LV61yGaiFglGiC8e7pADmh85
787.png,PZOXesSJDaCj
788.png,18B1m1IaraK5NQUGO9xczwnMbIFxUR6V2UZ2XuJnmCAGTCqmfRhikoDwY
789.png,8gljFYY11eK68DSgatP
790.png,OsNLDSnsG2z34LPx3iM6ki2
791.png,FdoTyXMTgj2JmEyl
792.png,QiMgSVRWQGgetImF
793.png,jAcDF0nLhivjm9anOPuZSAnG00ABoYMiCel
794.png,o6zq79WK27tbKu4nDFaIg5NffkwG4NpCKf
795.png,dEYveJhd2tjM0nCr8YocpQhQbNL60b0HP1EuLDDL
796.png,HCmEcMf1PJIhzIbXqA5Co82U1IsV0
797.png,cqMGDAQeGBjMuM
798.png,YtR9uRR7doc00uCNBlek5aLpYs4GcCGZ6lPmMaISGG8z1idLI13IfOpXC8CFSGO
799.png,1etrKJFco3f9ZtFEP0dm0p3maHDfvzM6q0dRVU
800.png,hIRQJqfMAVrFGg2Eh4g2L1UiRiSi0NkvfUgLysNoTDacrFASOfCDR8k5392
801.png,8yxguMZ9se4sezIWt5XcnJatOnnh4V9KqdlusHeIz
802.png,od0DpSFWYg0Yxp
803.png,hmw7dsHUVI3V7JNGZgSZ6M4MmF3CUkNJiwNmoedpQiq0k
804.png,QPrwJF80d9nL7qUAGmFKaY4nzbhGIyTIvt4oqR03VhjD94Q9Nw
805.png,dWIE7w5Ed0zPHeN4tiDxyOI5Cy3zehIZsldk3WejRwiC2
806.png,Gbqh44WS1BkMXu5Seb37URa5YvZD2UM6jDoUkL
807.png,l2ek1Crzc6KrcHKnMJPXNYubfm6NdhKn22C
808.png,9Aum3Mn2RX8b0fknxPZOJ9ABvvr8uu
809.png,gLhoj8mJe3LviNP4EdRptN8VVWGr7Ur1pkU
810.png,1cdaJVQ7gq
811.png,6YO6agaPE9Jtz1MIMZwOMUySS9CuqacZw5XjzEe8N9DjP4KObltOvPlaZsVoa
812.png,BWPG1MH6psK2XXuk3SbZWxj4Khq07sU2sfLfYL48nhHH6kecyeBlVvelQJ
813.png,7COXLG9Pvb0rJ1FY6yaE8kOlRqqZY1Ax54Yr0QErNgF
814.png,FfbIxBW9M02FiJnF2TvREXBtai2lI09UtPNONaxabfy3kWKnqp02olkB
815.png,ZkE2pK8qJHszZGIh
816.png,dhcMxZ872ep5774bkp
817.png,DEIu7QfSlaXsI7vX1HARIkXu5kv35TocgulhPRhP96xXjNU
818.png,6ubgAaDTxAccsOFaiHaD6VRjr1yOknSM6074OEBmjJVVEe9GJwXlEjUVq
819.png,JmtQHVkk4Qi05NCTwLlv2NZl16CSNmpvEUNVUKEWiZf8kBsU7vBS
820.png,wsVmQkpEspX4QSawM39q8twL9jCHUAR7sCjDeSu0Z
821.png,MmvHEdAFRiRW66QvBrbGzCWH5b
822.png,4xB2FKT1dnW8ufry2LCGcukIbxwNNnWgYLcahS2HDErReuoKEooiiCZ
823.png,FIbsdgGTxyqSuU
824.png,PfyzsF7LW7AKHuAbaP7g9iBWD6gLMnp2zkdcPREtGDgSSqIoiJ
825.png,NpZqntw9Ge2dlwWcJX8X1xzPR0GxLDj9sORNLBw5blmwuJF
826.png,mXIARKyLFhMRl4kdIOyZ5v2sNjbhPu03qkzoQjuKIcrHctAM2gPddAAQQ
827.png,5TraaH8mPT
828.png,Lyu5fmAkr9vy2tVzxBkalVN8OCWxYZvmJux0Mqt0AZxJEs6bDpN9IpfSE
829.png,A6hu6Y41IKXWhbRR1Hen
830.png,YsZ8a51FYezg3C97Nn65ZHZgvl2k3UCb0UtkkTpCqSjS0pXwg07Jw
831.png,Ht2qQoEKRMxPuFY90eKzuFum0g8KkT714bVNGB6X9Zpr83pP
832.png,5m0ex2VJZ3rHxkLlk
833.png,oCwGzkGp2EaALeVGcvuOW0EEx930WCqc1o0OtD3MQgQ
834.png,JgH2851gmBD7d74hskrzikdhox9zQFacUfWVZuc3pj2Kw3yoXVtuss
835.png,PL3ixNT5eCpGRO6PXBJ1hPTxlvtpy0LexeucXuFglg4dESN9CDojkeey8j
836.png,YArqAV4PsrBlS56AekOKhLfIfzAVFEUgpxk7C6S8K7idqqns
837.png,V9QVCLgWudnQB9O9ovBh5Aicig0jKcv49r9XXE0z9ag
838.png,dXwhLZPWfINC
839.png,ZVb8lPFJOraUgKA4XnTm1esGghVQdeKxfstzfnNY
840.png,5foTUsIFAAxXXsuhJPFIZFeTXV5YSz8OXZROfGLhixqtmd7xaEK0iHKcn6
841.png,VaVPUPvBx0HM7AQvAV
842.png,Zeo8aguWuncXQ
843.png,y3gmeHiIJT6UhrRjy6SDG
844.png,C4nzn0MzeDNn4ar7kFR0qpsKXAX
845.png,96omAS3eHvzGVlia9LNMseILHp
846.png,XyLEkxYA6hBnJoiv3WdK
847.png,FWbmxqOu8gG0s1DVW8w11Mgt6
848.png,R7PP7CT3R7iY
849.png,SaTSLI6VdbhByBI4wmgszrIbbp
850.png,2GdKq4zTAcqcQF817foPAt9vuQ6yn
851.png,MQztDsu5e0EpRP3HcYbyp0KMqdJtB
852.png,5QhZl2PEV7H2uc
853.png,UmWoi5BeekJfR8lOxb3VaClUD04kNcsGYGSKvQ6KkMSoA2
854.png,StpT4hOmnVsvp13Kh6h6yTRJtN49QLYo7r4nA1eGx7bg8an86i
855.png,gexHGAr0eUReFF2gy
856.png,4OFROCc0L78zk76Gc7K5ishf8BhfaUPwp9mpV8PdCpJqGaDNKpwyS2
857.png,IIj41qf5o4XV05Y2TnbQyg0Pr19QKLYnhdF6Ugfli3Mm3wHRey3h6h8DRlr
858.png,77wVvjTXh0T5
859.png,VTu3q46tTgJ9UedorbdmgPJbsc6HXaDjbCQ9AneFG6reEJWPF5GZigt
860.png,OimpMxPLne1Y6j5FcEvsOMVayDEKPPa9XthlZGw0NlgD1ZyKu73an32L
861.png,XWlxkFiDfpOSibf
862.png,UQ9WRrpfZ9SHcDleCOlAXlGSlvgn6MAKh792I3ONpP
863.png,XXgd2sLM4AHI8A9d1wcHIYAvw1elIHfWIv9jLA1UdcStz
864.png,95olDz0LrLV0EgPbpuUq1hY6apLqsaGMH8LSRaG96u7lW3nZzMTc9kt5
865.png,ThEb7Sa82NglXC2GI8ZyeeY2bvaUeKnG3csOaSbbzmDzRzTVmdSk
866.png,YVd8rwX0xdfu2GkAoNCKZ85zkB4BttahfB1Zn
867.png,T3XGYpn3IfhuquKi5Wloe8xA5sxyXIEeKDRwj3PBxy
868.png,lIlfy7N32p2xcZdpJQF3urBF
869.png,BGXVcFfDys3vLviwThJx2OAtfw8QtfhDmnB3jNhOT8UgELtmSidJnIysrVCcyc
870.png,dGebDSTMpEqv48jxGcE0QQEtXxEPnSj6TrMhbVW2Iy
871.png,5MNv6Uey8drVNug4BwKydqz6TGEGlwgfWJSMORpMEcvb7iLNCSErzVCMlBsEU
872.png,3Jz9dIcxMzvK8B3K3wR4
873.png,2z2JI65jflU3MTedjX5jvmkOGuBgTBYjl0JY3tpzim5SG2VPJhSj3Tisgt0ViAR
874.png,zu0ImSJvb5mQfV7otNqUNxGPONG0BO6ekb3xMtlat
875.png,D3V53EfLqsNVsdxT
876.png,NL1GVUK9GrB1zQtWf4YWM0zTIxTlkvZJIqMY7ujx
877.png,FtX7jp84RkYvNezILxkvzZzjjOJV9dNbHtVuH4M
878.png,HES9OJOOTB3sNXkTHaC75deHzBZQ9CApWcLDRk4E22kJov0FcrMQE
879.png,iVlKZP8U1LljbdH2ventOrFPybOpxg1qP8
880.png,pPc6i4CTQWNgMxtz9E3mrOlzkzyOnItrpUPrjKI2lsbXGkQyMue4wdKUdZ0Yx
881.png,ztCF7nlp5aovBgEcGa2eLvUHbD6ShdgBOzSF
882.png,WqafQsrwTkJ22HhfOqXY
883.png,LxvC0jIMJJ7Av1vjbhBbrkWNbHdOqx8RQC8ifMn3r4QvDPW76dx8iDfVAAPt
884.png,kUQjsdI7JH6YJsu07KRhzl
885.png,xv55LVce9UUDi6Sf0RCNXqifPIeqHn
886.png,0EPnW6UDHwCQvF1IsgTZgUJGwO9BfY8bt54wmrPLp0WvvzPw2x39gyK
887.png,PteLv5xGWALeO6TDfzqUpmq6njKvVa4xYQ
888.png,O3PCOBGjvefaWw6uC0tJuh3JeeEuq3iaY23FA6ct9Ok9rC1qJCHRvA9zrKqU
889.png,q4KF1gydTgT2IeLlFxXL3dNN6ZtEr2kqxOszNc73TNrShRmesKhMq1ZcY04sAtS
890.png,iATqy8ytaF0zSpFWmHAGPgcyGu2nE01uzpadUNtf5LUIXcabEhGWqnu
891.png,JZcOefzczcoHqW3zHi8X8s1tV9MM0Yvk
892.png,zkL6pnaoMv6zMi7nSLv4DlOVTslsRyghfOICRRRuf
893.png,YV5l3BPQOQwEh217AOWVwRuKil2YoykVz0mfz0kcFkEiTohyuR5PaOJF0jYcaN
894.png,cbK9m1TXBDGw3st2yhCn4lrFZHIruPuFXkIzmStnd3sN
895.png,Qpkuovdn8p15
896.png,bVynAi3tZHFVPnbVxjR5GN1t1OwnX
897.png,ahdDXeYHY6iwm7KrRnB3d
898.png,RD6u1eZRvwXaNOzAE4UiTBjEO3pB5gUVCzcP0Qa9QZJsuB6fQSUBQunZ
899.png,kGOfJmONU2uKpKwasBs5kiUmXO2KDj
900.png,VIJcjQXWg8bx8
901.png,0rI5EYMQYtdcql3BeI0RmPt2PKqKJcb905
902.png,ZIjXQdjiUwDahV1Sjtl5hGfeU1J37du7mvAgNqwxvm7TYt7TmAtmEnrU6eif
903.png,uqVWlgN7yCeVHwMHpF4MNwalxxfZN3JhGBRuSX
904.png,3lwSuKYy9RRwLWr5uvUGKx2HAL
905.png,IdYDDYrziE0IGn4EMEZNblOEKuwMgdkkHANAuIRUzxTqUxBI
906.png,gOyBG2XEwwxrmPOwajU
907.png,sy8jy9IWR3my8qRKlhEDlWfSvuZinF7tXcFiBnckJidC1nVV9QhucRprn1d2qO
908.png,yQrobJoz4z0CSrMpmAm20XVUV3ylLCdw1AfgBpvca6l5x
909.png,6zaUsz9XkMPreolwXoeIE0zQIa7MNOF6H1MlrGh5gV90sq19PEJ2EN2b4OMw
910.png,VzPxWBlO6incU1RKZ8a9mG8
911.png,ddD2J6zmaGRTWuwG7LdUyDnoaCtmlkc3A89NF2PBKcAKor37AMhVjmy3
912.png,aP6thAdjROTIo7CxVyjUunH7zCmne26naAtc4choLtplgvrF5a1coOjixi5YsG
913.png,P8XlzVMuJOSMZmkVUo
914.png,X8EVYBgczY
915.png,nukPwSAjQazlR9g4kk3GpNdcJ67hLSMVbOzQaJRBWWBF7B
916.png,5aZLoWqvXld28V3
917.png,4FIbP3Brwnc7fGZkEhYA2Fb6qVIAdt5qghyl23rtE
918.png,B1A0jyg0Y7hnCDvE0zIaP
919.png,uqxp1C9VCnx5uRRA46pdgjDY5KP3R8gYEP4XtvWxE
920.png,Gel89Z0fYdjhfqrYUgPajCst79BtV9FTgNAR5lf3xKU
921.png,kAfcs67k1PadCJ5Aa88yCOJBW2zrCKoEEHRZpRVgFoncagsRqODWHBgOF16FU
922.png,LTV8avd49u0oDoqDcIJLjMVKRYwWqA7ZpZhSk5PESlQnGUtehT1KyZM
923.png,M7OMlADJHMcRTzgkyL2cDogfaJdvzw3zUCp
924.png,PdUHsgbxLzEclrpvzdYDdgxWvGV4T8QunWMjUevn
925.png,muomCUUDp7mCfuWT5qEqGpIARwuJJg7NcfJlR1lev4IxUo4VymKEEZMylN12
926.png,o5dfAxgGS81Y6AeBgANpJbZADjDGhvJndIv9UoMrLzPfu5kyLFvw4TPS6Wj
927.png,HAzTK2sAGdIawiHbhb6Dlht4ddbr5KbaQGuS0PEnPqOmLI8as7txn
928.png,LwSTXhSqCTFTCpiBxdQnAwneXs34XgGrb7WCJNzFIVGmEEaR1
929.png,A3hiP70f34bc4z
930.png,WE9cd9k5u0HpOlrNJPSWVXXwwjApiSkUzyoFZAiOsqX1QMbGPa
931.png,mXi5pJ145Z1DrXZICkJkYcG1ftqoA9KsDlT9qMwFAI2HfXHvqub
932.png,vHbsYdnbLcS3amn8ksqMDUwsOFnSAgGkaY8F8S4LNWYa4nz
933.png,6ErDMzTqMss6HYr8XBBsfzoJuti
934.png,RdZ2EY0J9ooSG5ck7iJ68WjfCTuECO9DX215
935.png,EiKjfMynQACO7C6dXQNggVCoZUY74Z2ME0XjvMw9O4nNakjGQ9bsfne9X05
936.png,WdyPf3NNOtvJ3eQ2ThNkvNYeG9
937.png,CPlz7v1bjI
938.png,UVY1tscUPVxhE6itxNBz96JThfbp1idi79FZ5Sdg8oA7srsjIcWNrnp9
939.png,YUhE3TzzDFq0mpDZB1t
940.png,RGe2jNWaX5vH2ll7EH7FiXo14ghJb
941.png,JQf1hxQ7FFJTFQywdCBk
942.png,h44UItx9R1tuTbpa9WiOO9yt
943.png,sIHCA71LNP9sBcazGd9LfVwPZfPgTke
944.png,ImgQOkHFyZlIhJ09bJXtGIyHwLax6L4vQtW6
945.png,p13lznDPze5mcZAh4F2qc7w3sAFse0ExBW
946.png,hvDYDUE5lxMQCuZkQKtLs7
947.png,kjh1Wa0lkBKZY
948.png,zvRHmU9bQUvdN3NVUD3Mwp5sGFR64apWINvDDoIWGds
949.png,2R9uc55V3ZIrHl5ymRtFIwt9
950.png,yiYonYhAiwNKUF8A9EAIF2A11YasvpCfxDauJIF6tJ
951.png,07RpPb7n41OpJ9orD0TsVZQYBcx5b0jJJUVtP9cRRGsBVrb6iLtp2TIAjPKU
952.png,yrfXyWMfJLIwrWfRK4
953.png,kFbMkZgPdX45Zzvjgno0OoDKFgBJV892yjJWx0LWYP2J2p
954.png,xtLxWwqwi8AzpagOSlsEcVdE0fi30hy0KRUrkgmQO7kqrsLPcBkvwJFqMt
955.png,VByw6iqEo7vYCjsQ9I5k4RSys3aY2rcuTrenh2A8qrQbvXQEGVpkY45K
956.png,LNrYXWnPzZ3kJQYIuRmuhiXgjZch0QYGkWAQq9qFnBz
957.png,NAP3uzXURgU1bMO5zqt19QEpXHM3Hlf9Qnrb20RSff9iKb91LptHUtWtuiNMw
958.png,o06r5GwHdAw
959.png,hUdyaN6K25rDSU
960.png,2EFKYilEIW8J47YQnAzZ5egSoX1cv
961.png,tsa1zd9i8MIXQoaSlsU2IQ2heeQe1geMisZfk
962.png,e6b9Rf01kEySonpNkALXv27cBtBkXP
963.png,pZUqkaQ230z0jN8arDp0ykRbY5mIcJ
964.png,tzHmh6b9UYBGy0VaR3VXJXh6GEGbKpMdf86n3VfTbSbPVA4bmdq
965.png,lCUZLdYptFX1UGUxpLL4Qm7Ddyi9OsQTLaBW7lO
966.png,cD7apZDr6IJgWsrhwU2QYX
967.png,EdFlWLCIyhf60SS3oT0Rg1XC
968.png,IlfC9mJR0giYqEam3SH0MVQQPDR
969.png,OU5jyDWYANHZ5obnnI7mgdnwKvUS
970.png,vzsgUGOcqO5c4ZiofWxVQfPAGl1GZPnfhgC82RxERCr6tz9M1jI
971.png,9QYKwlUS5cXb6xdfQO8dy
972.png,EqNkqD9RgokLSFDAE8s77
973.png,dT8EVHe5LRkxKQehRR4yB2U1C39pkumIe
974.png,KtvfT0x2GvLVqgjKmViKcnhH71OhIuHfyoytPXWxrba5VQErHy2R38tVHU
975.png,v4qxb9phaErSNCpJ03kEGZaRBYz6dGtrt7eL4e1xRGVTc7mReje5
976.png,IAOHG0Sb4DCNS9YueCwnKkdWIkSWP9PKD7GhQWN4GnbBDALCt600McDZfxlf
977.png,eGu2B1cjJNpG97Kkc4bqjNtWiTw5Lz3Rnll
978.png,VOfbI58LoHhu1mSwG75eXphICsDrB0D0OZq
979.png,ASqXFPKRZ2
980.png,tgArLl8zTrPucIMst56n7x3MpQJcpTFx
981.png,W1vy7jOF3alskdJ98cVI
982.png,KjV0j3wtx3PP0htAVpRV
983.png,Yi6ZmKCkjCGpbiE6mWVvHIibgKIWP4yBwFFK2pZQgQxJqDlFW70Sj
984.png,5yIDS6DxwZusLsgAv20S98LsPHdWza4zuf0M8
985.png,QDyLUoX19LaGJbhM2WmPbE
986.png,AODHWSuFcJMcRCcVFOj4nXa
987.png,olaV74Y6h9C6gRfp28Vbai4uRkH6nI0qCmeJamle6AtvZU
988.png,DEq8oOGmMFDXOUE3YXH0BUxO7
989.png,ombIXyK0hN0RzfcDpKlsYdwFOktsQXZnV9vyAMlX
990.png,ug7ar2wz3ACfm
991.png,UaBIr9BPvkM9FnqqDdlrg3EK841gVm8Pa6jUpmiLrKmZGNAygdOTCRm
992.png,uBrol21r1GhGjMjEd3fbmICUSm9JgsRcp2p12
993.png,cuTNt9s1cggyhTmOPFXtwLC0Owh
994.png,1PyVszqDyul1KNNfCgZ2H3gR4NBVv3fOD1ksZJXiHOkUR9y9Pyd5LphISbiSp2i
995.png,V7Qfsf7ZbDkvHaH90JNDr
996.png,8fWZjO8lMNMMO2q70zuXBNYRsxZyLDh7IGepx6bUiV61O6scutXPg3xt5ca
997.png,SdI4RJMzwG6LWXfOvD4Ooizv1BLQ6D1aNVEssQ3xS
998.png,SFrs2LEfHiNtaVlRRJrOpBsrS3tJLZZwsiCEqB0YOENFkVq
999.png,gPHUXEbVE0rg5L0haap98XJVTr2HfTMdNKTjlGfzu1OJvcxbyVO7rrrrkE
1000.png,s4ncRI4dh8
1001.png,roDc9mXAAohou6tjQmkVsimJ2xEUx5MHklmmF1GMCCT8UZdzDG
1002.png,D6CSxGVRoz6T8EkG90wteGPnblDFkM2aE
1003.png,clMYGu6aYXO4VF5pi1x7Zr9wShM4vl076ZplIMGONaqtJ8mT2hNdDEYFjB23Zb
1004.png,1wn70P6wHVlIxz4jujpGTM7t
1005.png,yhGlHCKxhGgZvUchFdbxqv331
1006.png,pfxZL71msw2csEu3v80Ust4DRIxHqNCb9Ov7bFJh3jsHuIQ0WN75JBzc
1007.png,a6rIk35RAURUsU
1008.png,DnpLOxAltckdmRoWGjOAS3Y9IX2ZrJeAyNjzeO8bXcrDrJBMWrbQoivn7KRLg
1009.png,Bxzj9MkXEJmXoazXvwBq5yxOPCLCjVEovhFoWXx5PqD7wV5kQC
1010.png,8IfEASLHG9UVpeMXL2rxoPlgPWn
1011.png,bVi3OAQg7XjH
1012.png,s0d0y6hXbn
1013.png,v6911Lhj8MJ6SHz9wsfUBAWOIb8GZvACJAxziUzAzDvw8x4LI
1014.png,5dt8bskk012ERR3Jasnh5dqh0lD7RNwLc1Qb41X
1015.png,KubMga9ngtIQ4hLwZNX0INA0v
1016.png,Q8juo5QBvlswGd7VHtGOOxRKTG24Eo3DbO9uNX9U
1017.png,womvoWnR4dBK5hYdCUfD
1018.png,fAWZoSQ8cCfJ0ZyE1dOuivIzKQdUAGHua7ALK
1019.png,QQ5LhRtaK6mtLZYHSPSgHttn71vJ1DkjFN16NCoaQfr8p7rT2JYREUMevhbji2
1020.png,AxCszpybFG3jmTYWka2
1021.png,lTnyoW6P4L9FAnYFzHYHrnVGleQMgvT4RE11kn5bL9VfxxhpHqzaCM1k4EBI
1022.png,Tjs2mspBSXcnvZ
1023.png,DvbxNaOB864hG54KBSRiho8KzSfh4